2417,BRCA1,E1735K,6
2418,BRCA1,R1753T,4
2419,BRCA1,C44Y,4
2420,BRCA1,R1835P,1
2421,BRCA1,Truncating Mutations,1
2422,BRCA1,G1803A,1
2423,BRCA1,A1830T,5
2424,BRCA1,G1743R,1
2425,BRCA1,I68K,6
2426,BRCA1,C64G,4
2427,BRCA1,S4P,6
2428,BRCA1,K50L,6
2429,BRCA1,Y105C,3
2430,BRCA1,L63F,6
2431,BRCA1,L1407P,1
2432,BRCA1,L1657P,1
2433,BRCA1,F79S,6
2434,BRCA1,D1778H,6
2435,BRCA1,D1546N,6
2436,BRCA1,M1689T,1
2437,BRCA1,D96N,6
2438,BRCA1,W1837C,1
2439,BRCA1,Deletion,1
2440,BRCA1,P1856S,5
2441,BRCA1,F1761I,1
2442,BRCA1,A1823T,5
2443,BRCA1,I1807S,1
2444,BRCA1,K38N,6
2445,BRCA1,S1651P,6
2446,BRCA1,L246V,5
2447,BRCA1,V191I,5
2448,BRCA1,T37R,4
2449,BRCA1,D1818G,6
2450,BRCA1,S72R,6
2451,BRCA1,Y179C,6
2452,BRCA1,C39Y,4
2453,BRCA1,K45N,6
2454,BRCA1,L52F,3
2455,BRCA1,H1746N,1
2456,BRCA1,P1749R,4
2457,BRCA1,H1746Q,6
2458,BRCA1,I21V,3
2459,BRCA1,W1718C,4
2460,BRCA1,R170W,5
2461,BRCA1,T77M,6
2462,BRCA1,V1713A,4
2463,BRCA1,V1833M,1
2464,BRCA1,S1101N,5
2465,BRCA1,T1691I,1
2466,BRCA1,L147F,5
2467,BRCA1,H1421Y,5
2468,BRCA1,E362H,5
2469,BRCA1,R170Q,3
2470,BRCA1,S1715C,1
2471,BRCA1,E1794D,5
2472,BRCA1,L358R,5
2473,BRCA1,S308A,6
2474,BRCA1,V1741G,1
2475,BRCA1,R1699L,1
2476,BRCA1,V1804A,6
2477,BRCA1,E23fs,4
2478,BRCA1,F1734S,1
2479,BRCA1,C61G,4
2480,BRCA1,D245V,5
2481,BRCA1,P142H,3
2482,BRCA1,L1705P,1
2483,BRCA1,H1686R,1
2484,BRCA1,P1776S,6
2485,BRCA1,M1783T,6
2486,BRCA1,S1841R,1
2487,BRCA1,V1534M,5
2488,BRCA1,W1782C,5
2489,BRCA1,G1706A,3
2490,BRCA1,G1788V,4
2491,BRCA1,W1837G,1
2492,BRCA1,A1708E,4
2493,BRCA1,S1512I,5
2494,BRCA1,M1783I,5
2495,BRCA1,E1682V,5
2496,BRCA1,M1783L,5
2497,BRCA1,G1706E,4
2498,BRCA1,R496C,5
2499,BRCA1,S153R,3
2500,BRCA1,N810Y,5
2501,BRCA1,K1702E,1
2502,BRCA1,A1789S,5
2503,BRCA1,R866C,5
2504,BRCA1,V11A,6
2505,BRCA1,D1739V,4
2506,BRCA1,M1775E,1
2507,BRCA1,D67Y,3
2508,BRCA1,D1344H,6
2509,BRCA1,V271L,3
2510,BRCA1,S1841N,1
2511,BRCA1,F1761S,4
2512,BRCA1,E1586G,5
2513,BRCA1,S1841A,1
2514,BRCA1,I89N,6
2515,BRCA1,L82P,6
2516,BRCA1,P798L,5
2517,BRCA1,E29V,6
2518,BRCA1,M1775K,4
2519,BRCA1,E1060A,5
2520,BRCA1,I90T,6
2521,BRCA1,I15T,6
2522,BRCA1,V1736G,1
2523,BRCA1,L1854P,1
2524,BRCA1,E1836K,1
2525,BRCA1,F1704S,1
2526,BRCA1,P1812S,6
2527,BRCA1,H1402Y,5
2528,BRCA1,N550H,5
2529,BRCA1,Q1756fs,4
2530,BRCA1,G1738R,4
2531,BRCA1,S1497A,5
2532,BRCA1,N1647K,5
2533,BRCA1,Q1785H,5
2534,BRCA1,H41R,4
2535,BRCA1,R1589P,5
2536,BRCA1,L165P,5
2537,BRCA1,C24R,4
2538,BRCA1,L1844R,5
2539,BRCA1,C1767S,5
2540,BRCA1,K65M,6
2541,BRCA1,V1809A,5
2542,BRCA1,Y1703H,1
2543,BRCA1,C27A,4
2544,BRCA1,S1655F,4
2545,BRCA1,N1819Y,6
2546,BRCA1,S1486C,5
2547,BRCA1,P1859R,5
2548,BRCA1,Y1853*,4
2549,BRCA1,E1682K,5
2550,BRCA1,K56N,6
2551,BRCA1,S1651F,3
2552,BRCA1,V1714G,1
2553,BRCA1,D1778N,5
2554,BRCA1,Y1703S,1
2555,BRCA1,A1669S,5
2556,BRCA1,W1837R,4
2557,BRCA1,V1833E,1
2558,BRCA1,P1806A,5
2559,BRCA1,M18T,4
2560,BRCA1,M1411T,6
2561,BRCA1,S1140G,5
2562,BRCA1,Y1853C,4
2563,BRCA1,T1700A,4
2564,BRCA1,T1852S,6
2565,BRCA1,H1805P,5
2566,BRCA1,D1778Y,5
2567,BRCA1,T1685A,1
2568,BRCA1,D1733G,5
2569,BRCA1,Q1811R,1
2570,BRCA1,D1739G,4
2571,BRCA1,S1297del,5
2572,BRCA1,I89T,6
2573,BRCA1,C1697R,4
2574,BRCA1,L1764P,4
2575,BRCA1,P1637L,5
2576,BRCA1,G1770V,4
2577,BRCA1,A1752V,1
2578,BRCA1,G1656D,1
2579,BRCA1,G1763V,1
2580,BRCA1,I31M,3
2581,BRCA1,V1688del,1
2582,BRCA1,D1739Y,1
2583,BRCA1,E1660G,1
2584,BRCA1,S1715R,4
2585,BRCA1,F1662S,5
2586,BRCA1,M1628V,1
2587,BRCA1,S186Y,3
2588,BRCA1,S4F,6
2589,BRCA1,R1699W,4
2590,BRCA1,L28P,6
2591,BRCA1,N132K,3
2592,BRCA1,V1838E,1
2593,BRCA1,C24Y,6
2594,BRCA1,E60L,6
2595,BRCA1,G1738E,4
2596,BRCA1,G1788D,1
2597,BRCA1,S59R,6
2598,BRCA1,V1809F,1
2599,BRCA1,M1689R,1
2600,BRCA1,D1739E,1
2601,BRCA1,M1400V,6
2602,BRCA1,M1008I,5
2603,BRCA1,E1282V,5
2604,BRCA1,E1214K,5
2605,BRCA1,V1665M,5
2606,BRCA1,C39R,6
2607,BRCA1,M1775V,5
2608,BRCA1,R1589H,5
2609,BRCA1,I26N,6
2610,BRCA1,N1819S,5
2611,BRCA1,V1808A,5
2612,BRCA1,H1862L,5
2613,BRCA1,T1720I,5
2614,BRCA1,M1R,1
2615,BRCA1,T47D,5
2616,BRCA1,P1771L,5
2617,BRCA1,V1736A,4
2618,BRCA1,C1787S,5
2619,BRCA1,V1810G,1
2620,BRCA1,N1236K,5
2621,BRCA1,R1699Q,4
2622,BRCA1,S1722F,4
2623,BRCA1,A1789T,4
2624,BRCA1,R1758G,6
2625,BRCA1,K45Q,5
2626,BRCA1,D1692N,5
2627,BRCA1,I1766S,4
2628,BRCA1,L1267S,5
2629,BRCA1,E143K,5
2630,BRCA1,T1720A,5
2631,BRCA1,L1780P,4
2632,BRCA1,I42V,3
2633,BRCA1,Q12Y,6
2634,BRCA1,W1718L,1
2635,BRCA1,P1856T,6
2636,BRCA1,R1751Q,5
2637,BRCA1,A1752P,4
2638,BRCA1,R1726G,5
2639,BRCA1,V1653M,1
2640,BRCA1,N1730S,5
2641,BRCA1,E1644G,5
2642,BRCA1,H1686Q,4
2643,BRCA1,Q1826H,5
2644,BRCA1,R71G,6
2645,BRCA1,S1164I,1
2646,BRCA1,V1804D,6
2647,BRCA1,S1301R,5
2648,BRCA1,C44F,4
2649,BRCA1,V191D,5
2650,BRCA1,Q1756C,1
2651,BRCA1,R841Q,5
2652,BRCA1,M1652K,1
2653,BRCA1,R1751P,1
2654,BRCA1,C47G,4
2655,BRCA1,C360R,5
2656,BRCA1,M1663K,5
2657,BRCA1,S1715N,4
2658,BRCA1,K50E,6
2659,BRCA1,A1708V,1
2660,BRCA1,E1250K,5
2661,BRCA1,S1613C,5
2662,BRCA1,L668F,5
2663,BRCA1,P1614S,5
2664,BRCA1,A1843P,1
2665,BRCA1,C39S,6
2666,BRCA1,P1812R,5
2667,BRCA1,V1378I,5
2668,BRCA1,P1771R,5
2669,BRCA1,T1685I,4
2670,BRCA1,T1691K,1
2671,BRCA1,F1695L,5
2672,BRCA1,K45T,6
2673,BRCA1,S1473P,5
2674,BRCA1,M1652T,6
2675,BRCA1,E1346K,5
2676,BRCA1,R133H,3
2677,BRCA1,A1843T,1
2678,BRCA1,D1778G,5
2679,BRCA1,S1613G,5
2680,BRCA1,M18K,6